Pull-off Tests,Shear Tests,g to N factor
24.7617963,13.47433985,0.009806652
25.7620748,15.66122324,
19.18181131,13.79795936,
22.81027255,9.70858548,
20.20170312,16.12213589,
